{
    "parameters": {
        "typeName": "azure_storage_account",
        "attr:qualifiedName": "https://test_azure_storage_account.core.windows.net",
        "atlasClassificationArray": [
            {
                "typeName": "MICROSOFT.FINANCIAL.US.ABA_ROUTING_NUMBER"
            },
            {
                "typeName": "MICROSOFT.FINANCIAL.CREDIT_CARD_NUMBER"
            }
        ]
    },
    "responses": {
        "204": {
            "headers": {
                "Access-Control-Allow-Headers": "authorization,content-type,x-xsrf-header,x-ms-client-request-id",
                "Access-Control-Allow-Methods": "GET,OPTIONS,HEAD,PUT,POST,DELETE,PATCH",
                "Access-Control-Allow-Origin": "*",
                "Access-Control-Expose-Headers": "x-ms-request-id",
                "Content-Type": "application/json; charset=UTF-8",
                "Server": "Jetty(9.3.14.v20161028)",
                "Strict-Transport-Security": "max-age=31536000; includeSubDomains",
                "Transfer-Encoding": "chunked",
                "X-Content-Type-Options": "nosniff",
                "X-Frame-Options": "DENY",
                "x-ms-request-id": "97930d08-0a53-4bb5-a352-08e7761bf20a",
                "X-XSS-Protection": "1; mode=block"
            }
        }
    }
}
