{
    "parameters": {
        "typeName": "azure_storage_account",
        "attr_1:qualifiedName": "adl://adlsgary.azuredatalakestore.net/123/1/DP_TFS/CBT/Extensions/DTTP.targets#:xml/Project/PropertyGroup/DttpCopyDependsOn",
        "attr_2:qualifiedName": "adl://adlsgary.azuredatalakestore.net/123/1/Experience/CBT/Extensions/CodeAnalysis.targets#:xml/Project/PropertyGroup/MSBuildAllProjects"
    },
    "responses": {
        "200": {
            "headers": {
                "Access-Control-Allow-Headers": "authorization,content-type,x-xsrf-header,x-ms-client-request-id",
                "Access-Control-Allow-Methods": "GET,OPTIONS,HEAD,PUT,POST,DELETE,PATCH",
                "Access-Control-Allow-Origin": "*",
                "Access-Control-Expose-Headers": "x-ms-request-id",
                "Content-Type": "application/json; charset=UTF-8",
                "Server": "Jetty(9.3.14.v20161028)",
                "Strict-Transport-Security": "max-age=31536000; includeSubDomains",
                "Transfer-Encoding": "chunked",
                "X-Content-Type-Options": "nosniff",
                "X-Frame-Options": "DENY",
                "x-ms-request-id": "97930d08-0a53-4bb5-a352-08e7761bf20a",
                "X-XSS-Protection": "1; mode=block"
            },
            "body": {
                "referredEntities": {},
                "entities": [
                    {
                        "typeName": "column",
                        "attributes": {
                            "owner": null,
                            "qualifiedName": "adl://adlsgary.azuredatalakestore.net/123/1/DP_TFS/CBT/Extensions/DTTP.targets#:xml/Project/PropertyGroup/DttpCopyDependsOn",
                            "name": "DttpCopyDependsOn",
                            "description": null,
                            "type": "string"
                        },
                        "guid": "784c0f2f-afd2-e26b-f9cb-984f6c2c5021",
                        "status": "ACTIVE",
                        "createdBy": "ServiceAdmin",
                        "updatedBy": "ServiceAdmin",
                        "createTime": 1553072455110,
                        "updateTime": 1553072455110,
                        "version": 0,
                        "relationshipAttributes": {
                            "schema": [],
                            "inputToProcesses": [],
                            "composeSchema": {
                                "guid": "cc6652ae-dc6d-90c9-1899-252eabc0e929",
                                "typeName": "tabular_schema",
                                "displayText": "tabular_schema",
                                "relationshipGuid": "400fd8e4-97bd-45eb-a21c-880b4094ce5b",
                                "relationshipStatus": "ACTIVE",
                                "relationshipAttributes": {
                                    "typeName": "tabular_schema_columns"
                                }
                            },
                            "meanings": [],
                            "outputFromProcesses": [],
                            "tabular_schema": null
                        }
                    },
                    {
                        "typeName": "column",
                        "attributes": {
                            "owner": null,
                            "qualifiedName": "adl://adlsgary.azuredatalakestore.net/123/1/Experience/CBT/Extensions/CodeAnalysis.targets#:xml/Project/PropertyGroup/MSBuildAllProjects",
                            "name": "MSBuildAllProjects",
                            "description": null,
                            "type": "string"
                        },
                        "guid": "b4ebc8be-cef4-860a-bee9-28cc34cb5caa",
                        "status": "ACTIVE",
                        "createdBy": "ServiceAdmin",
                        "updatedBy": "ServiceAdmin",
                        "createTime": 1553072455110,
                        "updateTime": 1553072455110,
                        "version": 0,
                        "relationshipAttributes": {
                            "schema": [],
                            "inputToProcesses": [],
                            "composeSchema": {
                                "guid": "381dd3e6-dad5-7409-c21d-ea55b666e420",
                                "typeName": "tabular_schema",
                                "displayText": "tabular_schema",
                                "relationshipGuid": "0b652860-ab79-48cd-a0cf-0867fbba31a3",
                                "relationshipStatus": "ACTIVE",
                                "relationshipAttributes": {
                                    "typeName": "tabular_schema_columns"
                                }
                            },
                            "meanings": [],
                            "outputFromProcesses": [],
                            "tabular_schema": null
                        }
                    }
                ]
            }
        }
    }
}
