{
    "parameters": {
        "glossaryGuid": "c018ddaf-7c21-4b37-a838-dae5f110c3d8",
        "updatedGlossary": {
            "guid": "c018ddaf-7c21-4b37-a838-dae5f110c3d8",
            "qualifiedName": "Glossary",
            "name": "Glossary",
            "shortDescription": "shortDescription",
            "longDescription": "longDescription after update",
            "lastModifiedTS": "1",
            "language": "en",
            "usage": "demo glossary",
            "terms": [
                {
                    "termGuid": "54688d39-b298-4104-9e80-f2a16f44aaea",
                    "relationGuid": "7b6a8149-a928-476a-a068-dce58653cfa0",
                    "displayText": "Term1"
                },
                {
                    "termGuid": "952c7ba4-4c89-42d8-a05a-7d2161be7008",
                    "relationGuid": "9385640b-e6be-437d-a6b9-62d11c14a189",
                    "displayText": "Term2"
                }
            ],
            "categories": [
                {
                    "categoryGuid": "0d6766f6-f4b6-435b-bda2-d3edc358998e",
                    "parentCategoryGuid": "ed7458f0-9463-48a5-b5c6-4f785fb34e12",
                    "relationGuid": "26a486a4-a8e2-483c-8a84-3b88e909f8d2",
                    "displayText": "Category3"
                },
                {
                    "categoryGuid": "ed7458f0-9463-48a5-b5c6-4f785fb34e12",
                    "parentCategoryGuid": "e47c4584-daca-4f9e-9092-194e04692c9a",
                    "relationGuid": "7bdcef93-a57a-4d1d-95ab-9d3036f394a0",
                    "displayText": "Category1"
                },
                {
                    "categoryGuid": "e47c4584-daca-4f9e-9092-194e04692c9a",
                    "relationGuid": "94071e56-fd3e-4441-93ff-1834f818482d",
                    "displayText": "Category2"
                }
            ]
        }
    },
    "responses": {
        "200": {
            "headers": {
                "Access-Control-Allow-Headers": "authorization,content-type,x-xsrf-header,x-ms-client-request-id",
                "Access-Control-Allow-Methods": "GET,OPTIONS,HEAD,PUT,POST,DELETE,PATCH",
                "Access-Control-Allow-Origin": "*",
                "Access-Control-Expose-Headers": "x-ms-request-id",
                "Content-Type": "application/json; charset=UTF-8",
                "Server": "Jetty(9.3.14.v20161028)",
                "Strict-Transport-Security": "max-age=31536000; includeSubDomains",
                "Transfer-Encoding": "chunked",
                "X-Content-Type-Options": "nosniff",
                "X-Frame-Options": "DENY",
                "x-ms-request-id": "97930d08-0a53-4bb5-a352-08e7761bf20a",
                "X-XSS-Protection": "1; mode=block"
            },
            "body": {
                "guid": "c018ddaf-7c21-4b37-a838-dae5f110c3d8",
                "qualifiedName": "Glossary",
                "name": "Glossary",
                "shortDescription": "shortDescription",
                "longDescription": "longDescription after update",
                "lastModifiedTS": "2",
                "language": "en",
                "usage": "demo glossary",
                "terms": [
                    {
                        "termGuid": "54688d39-b298-4104-9e80-f2a16f44aaea",
                        "relationGuid": "7b6a8149-a928-476a-a068-dce58653cfa0",
                        "displayText": "Term1"
                    },
                    {
                        "termGuid": "952c7ba4-4c89-42d8-a05a-7d2161be7008",
                        "relationGuid": "9385640b-e6be-437d-a6b9-62d11c14a189",
                        "displayText": "Term2"
                    }
                ],
                "categories": [
                    {
                        "categoryGuid": "0d6766f6-f4b6-435b-bda2-d3edc358998e",
                        "parentCategoryGuid": "ed7458f0-9463-48a5-b5c6-4f785fb34e12",
                        "relationGuid": "26a486a4-a8e2-483c-8a84-3b88e909f8d2",
                        "displayText": "Category3"
                    },
                    {
                        "categoryGuid": "ed7458f0-9463-48a5-b5c6-4f785fb34e12",
                        "parentCategoryGuid": "e47c4584-daca-4f9e-9092-194e04692c9a",
                        "relationGuid": "7bdcef93-a57a-4d1d-95ab-9d3036f394a0",
                        "displayText": "Category1"
                    },
                    {
                        "categoryGuid": "e47c4584-daca-4f9e-9092-194e04692c9a",
                        "relationGuid": "94071e56-fd3e-4441-93ff-1834f818482d",
                        "displayText": "Category2"
                    }
                ]
            }
        }
    }
}