{
    "parameters": {
        "termGuid": "54688d39-b298-4104-9e80-f2a16f44aaea",
        "glossaryTerm": {
            "guid": "54688d39-b298-4104-9e80-f2a16f44aaea",
            "qualifiedName": "Term1@Glossary",
            "name": "Term1",
            "shortDescription": "shortDescription1",
            "lastModifiedTS": "1",
            "abbreviation": "T1",
            "status": "Approved",
            "anchor": {
                "glossaryGuid": "c018ddaf-7c21-4b37-a838-dae5f110c3d8",
                "relationGuid": "7b6a8149-a928-476a-a068-dce58653cfa0"
            },
            "resources": [
                {
                    "displayName": "microsoft",
                    "url": "https://www.microsoft.com/en-sg/"
                }
            ],
            "seeAlso": [
                {
                    "termGuid": "952c7ba4-4c89-42d8-a05a-7d2161be7008"
                },
                {
                    "termGuid": "821beef0-ced9-47ba-8f7f-c4f3459f4d18"
                }
            ],
            "synonyms": [
                {
                    "termGuid": "952c7ba4-4c89-42d8-a05a-7d2161be7008"
                },
                {
                    "termGuid": "821beef0-ced9-47ba-8f7f-c4f3459f4d18"
                }
            ]
        }
    },
    "responses": {
        "200": {
            "headers": {
                "Access-Control-Allow-Headers": "authorization,content-type,x-xsrf-header,x-ms-client-request-id",
                "Access-Control-Allow-Methods": "GET,OPTIONS,HEAD,PUT,POST,DELETE,PATCH",
                "Access-Control-Allow-Origin": "*",
                "Access-Control-Expose-Headers": "x-ms-request-id",
                "Content-Type": "application/json; charset=UTF-8",
                "Server": "Jetty(9.3.14.v20161028)",
                "Strict-Transport-Security": "max-age=31536000; includeSubDomains",
                "Transfer-Encoding": "chunked",
                "X-Content-Type-Options": "nosniff",
                "X-Frame-Options": "DENY",
                "x-ms-request-id": "97930d08-0a53-4bb5-a352-08e7761bf20a",
                "X-XSS-Protection": "1; mode=block"
            },
            "body": {
                "guid": "54688d39-b298-4104-9e80-f2a16f44aaea",
                "qualifiedName": "Term1@Glossary",
                "name": "Term1",
                "shortDescription": "shortDescription1",
                "lastModifiedTS": "1",
                "abbreviation": "T1",
                "createdBy": "23863cef-a2e9-40a3-a427-44dc0d201f61",
                "updatedBy": "23863cef-a2e9-40a3-a427-44dc0d201f61",
                "createTime": 1606287247276,
                "updateTime": 1606287247276,
                "status": "Approved",
                "anchor": {
                    "glossaryGuid": "c018ddaf-7c21-4b37-a838-dae5f110c3d8",
                    "relationGuid": "7b6a8149-a928-476a-a068-dce58653cfa0"
                },
                "seeAlso": [
                    {
                        "termGuid": "952c7ba4-4c89-42d8-a05a-7d2161be7008",
                        "relationGuid": "dfa44030-bd14-4111-a0f1-3d01c964eb01",
                        "displayText": "Term2"
                    },
                    {
                        "termGuid": "821beef0-ced9-47ba-8f7f-c4f3459f4d18",
                        "relationGuid": "4d802ada-65f3-45a8-969f-aba47d9c6200",
                        "displayText": "Term3"
                    }
                ],
                "synonyms": [
                    {
                        "termGuid": "952c7ba4-4c89-42d8-a05a-7d2161be7008",
                        "relationGuid": "15bcbd12-eb48-4b63-8ff5-74f7ec3a562c",
                        "displayText": "Term2"
                    },
                    {
                        "termGuid": "821beef0-ced9-47ba-8f7f-c4f3459f4d18",
                        "relationGuid": "bb26fe7c-6e26-46ad-b936-50a5f7ffbbaf",
                        "displayText": "Term3"
                    }
                ],
                "resources": [
                    {
                        "displayName": "microsoft",
                        "url": "https://www.microsoft.com/en-sg/"
                    }
                ]
            }
        }
    }
}